,Desktop Python Implementation,Desktop C++ Implementation,Desktop Combined Implementation,Laptop Python Implementation,Laptop C++ Implementation,Laptop Combined Implementation
Download (powerline adapter),18842.05702,16727.1,,,,
"Download (wifi, averaged)",20600.82479,19806.65,,,,
Unpack,1374.56424236298,915.011,659.087450027466,1412.76117825508,651.173,534.764460086823
Store,122.585897445679,11.3736,14.1095118522644,104.047563314438,15.1554,16.6152238845825
Feature Calculation,3441.9971511364,1177.4,1225.32345890999,2837.33560609818,972.773,1006.83888983727
Label,0.053811311721802,0.044466,0.041518688201904,0.03669810295105,0.0633709,0.071362018585205
Train,10.5402135848999,5.48011,6.20200729370117,8.75489258766174,7.07687,7.03464341163635
Accuracy,98.4738955823293,97.2067,0.972067,0.985341365461848,0.971911,0.9726
