Full Set Performance,,,
,Python Implementation,C++ Implementation,Replace Python With C++
Download (powerline adapter),18842.05702,16727.1,
"Download (wifi, averaged)",20600.82479,19806.65,
Unpack,1374.56424236298,915.011,659.087450027466
Store,122.585897445679,11.3736,14.1095118522644
Feature Calculation,3441.9971511364,1177.4,1225.32345890999
Label,0.053811311721802,0.044466,0.041518688201904
Train,10.5402135848999,5.48011,6.20200729370117
Accuracy,98.4738955823293,97.2067,0.972067
